{"step": 499416, "recent_reward": -0.04600431025028229, "episode_time": 0.0, "reward_history": [-0.15000000596046448, -0.10000000149011612, 0.0, 0.0, -0.10000000149011612, -0.05000000074505806, -0.05000000074505806, -0.05000000074505806, -0.15000000596046448, -0.10000000149011612, 0.0, 0.0, -0.10000000149011612, -0.05000000074505806, -0.05000000074505806, -0.05000000074505806, -0.15000000596046448, -0.10000000149011612, 0.0, 0.0, -0.10000000149011612, -0.05000000074505806, -0.05000000074505806, -0.05000000074505806, -0.15000000596046448, -0.10000000149011612, 0.0, -0.10000000149011612, -0.10000000149011612, -0.05000000074505806, -0.05000000074505806, -0.05000000074505806, -0.15000000596046448, 0.0, 0.0, -0.10000000149011612, -0.10000000149011612, -0.05000000074505806, -0.05000000074505806, -0.05000000074505806, -0.15000000596046448, 0.0, 0.0, -0.10000000149011612, -0.10000000149011612, -0.05000000074505806, -0.05000000074505806, -0.05000000074505806, -0.15000000596046448, 0.0, 0.0, -0.10000000149011612, -0.10000000149011612, -0.05000000074505806, -0.05000000074505806, -0.05000000074505806, -0.15000000596046448, 0.0, 0.0, -0.10000000149011612, -0.10000000149011612, 0.0, -0.05000000074505806, -0.05000000074505806, -0.15000000596046448, 0.0, 0.0, -0.10000000149011612, -0.10000000149011612, 0.0, -0.05000000074505806, -0.05000000074505806, -0.15000000596046448, 0.0, 0.0, -0.10000000149011612, -0.10000000149011612, 0.0, -0.05000000074505806, -0.05000000074505806, -0.15000000596046448, 0.0, 0.0, -0.10000000149011612, -0.10000000149011612, 0.0, 0.0, -0.05000000074505806, -0.15000000596046448, 0.0, 0.0, -0.10000000149011612, -0.10000000149011612, 0.0, 0.0, -0.05000000074505806, -0.15000000596046448, 0.0, 0.0, -0.10000000149011612, -0.10000000149011612, 0.0, 0.0, -0.05000000074505806, -0.15000000596046448, 0.0, 0.0, -0.10000000149011612, -0.10000000149011612, 0.0, 0.0, -0.05000000074505806, -0.15000000596046448, 0.0, 0.0, -0.10000000149011612, -0.10000000149011612, 0.0, 0.0, -0.05000000074505806, -0.15000000596046448, 0.0, 0.0, -0.10000000149011612, 0.0, 0.0, 0.0, -0.05000000074505806, -0.15000000596046448, 0.0, 0.0, -0.10000000149011612, 0.0, 0.0, 0.0, -0.05000000074505806, -0.15000000596046448, 0.0, 0.0, -0.10000000149011612, 0.0, 0.0, 0.0, -0.05000000074505806, -0.05000000074505806, 0.0, 0.0, 0.0, 0.0, 0.0, 0.0, 0.0, -0.05000000074505806, 0.0, 0.0, 0.0, 0.0, 0.0, 0.0, 0.0, -0.05000000074505806, 0.0, 0.0, 0.0, 0.0, -0.05000000074505806, 0.0, 0.0, -0.05000000074505806, 0.0, 0.0, 0.0, 0.0, -0.05000000074505806, 0.0, 0.0, -0.05000000074505806, 0.0, 0.0, 0.0, 0.0, -0.05000000074505806, -0.10000000149011612, -0.05000000074505806, -0.05000000074505806, 0.0, 0.0, 0.0, 0.0, -0.05000000074505806, -0.10000000149011612, -0.05000000074505806, -0.05000000074505806, 0.0, 0.0, 0.0, 0.0, -0.05000000074505806, -0.10000000149011612, -0.05000000074505806], "episode_length_history": [], "touches_recent": 0, "iterations": 30, "time_elapsed": 202, "total_timesteps": 499416, "fps": 2463, "n_updates": 1920, "learning_rate": 0.0003, "clip_range": 0.2}