{"env_step": 49.19520950317383, "model_forward": 16.413442611694336, "update": 17.118924379348755, "io": 0.1991133689880371, "loops": 102489}